season,round,pick,team,gsis_id,pfr_player_id,cfb_player_id,pfr_player_name,hof,position,category,side,college,age,to,allpro,probowls,seasons_started,w_av,car_av,dr_av,games,pass_completions,pass_attempts,pass_yards,pass_tds,pass_ints,rush_atts,rush_yards,rush_tds,receptions,rec_yards,rec_tds,def_solo_tackles,def_ints,def_sacks
2024,1,1,CHI,00-0039918,WillCa03,caleb-williams-3,Caleb Williams,False,QB,QB,O,USC,22.0,2025.0,0,0,1,12.0,,12.0,18.0,372.0,597.0,3751.0,21.0,6.0,87.0,547.0,1.0,0.0,0.0,0.0,,,
2024,1,2,WAS,00-0039910,DaniJa02,jayden-daniels-1,Jayden Daniels,False,QB,QB,O,LSU,23.0,2025.0,0,1,1,20.0,,20.0,18.0,350.0,510.0,3801.0,26.0,9.0,159.0,959.0,6.0,0.0,0.0,0.0,,,
2024,1,3,NWE,00-0039851,MayeDr00,drake-maye-1,Drake Maye,False,QB,QB,O,North Carolina,22.0,2025.0,0,1,1,8.0,,8.0,14.0,255.0,384.0,2563.0,16.0,11.0,58.0,432.0,2.0,1.0,2.0,0.0,,,
2024,1,4,ARI,00-0039849,HarrMa09,marvin-harrison-jr-1,Marvin Harrison Jr.,False,WR,WR,O,Ohio St.,22.0,2025.0,0,0,1,8.0,,8.0,18.0,0.0,0.0,0.0,0.0,0.0,0.0,0.0,0.0,67.0,956.0,9.0,,,
2024,1,5,LAC,,AltxJo01,joe-alt-1,Joe Alt,False,OL,OL,O,Notre Dame,21.0,2025.0,0,0,1,8.0,,8.0,17.0,0.0,0.0,0.0,0.0,0.0,0.0,0.0,0.0,0.0,0.0,0.0,,,
2024,1,6,NYG,00-0039337,NabeMa00,malik-nabers-1,Malik Nabers,False,WR,WR,O,LSU,21.0,2025.0,0,1,1,9.0,,9.0,16.0,0.0,1.0,0.0,0.0,0.0,5.0,2.0,0.0,114.0,1275.0,7.0,,,
2024,1,7,TEN,,LathJC00,jc-latham-1,JC Latham,False,OL,OL,O,Alabama,21.0,2025.0,0,0,1,7.0,,7.0,18.0,0.0,0.0,0.0,0.0,0.0,0.0,0.0,0.0,1.0,0.0,0.0,,,
2024,1,8,ATL,00-0039917,PeniMi00,michael-penix-jr-1,Michael Penix,False,QB,QB,O,Washington,24.0,2025.0,0,0,0,2.0,,2.0,6.0,88.0,147.0,1073.0,4.0,3.0,13.0,32.0,2.0,0.0,0.0,0.0,,,
2024,1,9,CHI,00-0039919,OdunRo00,rome-odunze-1,Rome Odunze,False,WR,WR,O,Washington,22.0,2025.0,0,0,1,6.0,,6.0,18.0,0.0,0.0,0.0,0.0,0.0,3.0,15.0,0.0,60.0,771.0,4.0,,,
2024,1,10,MIN,00-0039923,McCaJJ00,jj-mccarthy-1,J.J. McCarthy,False,QB,QB,O,Michigan,21.0,2025.0,0,0,0,0.0,,0.0,1.0,13.0,20.0,143.0,2.0,1.0,2.0,25.0,1.0,0.0,0.0,0.0,,,
2024,1,11,NYJ,,FashOl00,olu-fashanu-1,Olumuyiwa Fashanu,False,OL,OL,O,Penn St.,21.0,2025.0,0,0,0,4.0,,4.0,16.0,0.0,0.0,0.0,0.0,0.0,0.0,0.0,0.0,0.0,0.0,0.0,,,
2024,1,12,DEN,00-0039732,NixxBo00,bo-nix-1,Bo Nix,False,QB,QB,O,Oregon,24.0,2025.0,0,0,1,13.0,,13.0,18.0,401.0,607.0,3951.0,30.0,14.0,100.0,448.0,4.0,1.0,2.0,1.0,,,
2024,1,13,LVR,00-0039338,BoweBr01,brock-bowers-1,Brock Bowers,False,TE,TE,O,Georgia,21.0,2025.0,1,1,1,9.0,,9.0,18.0,0.0,0.0,0.0,0.0,0.0,5.0,13.0,0.0,117.0,1297.0,5.0,,,
2024,1,14,NOR,,FuagTa00,taliese-fuaga-1,Taliese Fuaga,False,OL,OL,O,Oregon St.,22.0,2025.0,0,0,1,8.0,,8.0,18.0,0.0,0.0,0.0,0.0,0.0,0.0,0.0,0.0,0.0,0.0,0.0,,,
2024,1,15,IND,00-0039340,LatuLa00,laiatu-latu-1,Laiatu Latu,False,DL,DL,D,UCLA,23.0,2025.0,0,0,0,2.0,,2.0,18.0,0.0,0.0,0.0,0.0,0.0,0.0,0.0,0.0,0.0,0.0,0.0,17.0,1.0,4.0
2024,1,16,SEA,00-0039309,MurpBy01,byron-murphy-ii-1,Byron Murphy,False,DL,DL,D,Texas,21.0,2025.0,0,0,0,5.0,,5.0,15.0,0.0,0.0,0.0,0.0,0.0,0.0,0.0,0.0,0.0,0.0,0.0,14.0,,0.5
2024,1,17,MIN,00-0039924,TurnDa01,dallas-turner-1,Dallas Turner,False,LB,LB,D,Alabama,21.0,2025.0,0,0,0,2.0,,2.0,17.0,0.0,0.0,0.0,0.0,0.0,0.0,0.0,0.0,0.0,0.0,0.0,13.0,1.0,3.0
2024,1,18,CIN,,MimsAm00,amarius-mims-1,Amarius Mims,False,OL,OL,O,Georgia,21.0,2025.0,0,0,1,8.0,,8.0,16.0,0.0,0.0,0.0,0.0,0.0,0.0,0.0,0.0,0.0,0.0,0.0,,,
2024,1,19,LAR,00-0039852,VersJa00,jared-verse-1,Jared Verse,False,DL,DL,D,Florida St.,23.0,2025.0,0,1,1,10.0,,10.0,18.0,0.0,0.0,0.0,0.0,0.0,0.0,0.0,0.0,0.0,0.0,0.0,37.0,,4.5
2024,1,20,PIT,,FautTr00,troy-fautanu-1,Troy Fautanu,False,OL,OL,O,Washington,23.0,2025.0,0,0,0,0.0,,0.0,2.0,0.0,0.0,0.0,0.0,0.0,0.0,0.0,0.0,0.0,0.0,0.0,,,
2024,1,21,MIA,00-0039911,RobiCh00,demeioun-robinson-1,Chop Robinson,False,DE,DL,D,Penn St.,21.0,2025.0,0,0,0,2.0,,2.0,18.0,0.0,0.0,0.0,0.0,0.0,0.0,0.0,0.0,0.0,0.0,0.0,17.0,,6.0
2024,1,22,PHI,00-0039888,MitcQu00,quinyon-mitchell-1,Quinyon Mitchell,False,CB,DB,D,Toledo,23.0,2025.0,0,0,1,6.0,,6.0,17.0,0.0,0.0,0.0,0.0,0.0,0.0,0.0,0.0,0.0,0.0,0.0,40.0,,
2024,1,23,JAX,00-0039893,ThomBr06,brian-thomas-jr-1,Brian Thomas,False,WR,WR,O,LSU,21.0,2025.0,0,1,1,11.0,,11.0,18.0,0.0,0.0,0.0,0.0,0.0,7.0,57.0,1.0,88.0,1293.0,10.0,,,
2024,1,24,DET,00-0039903,ArnoTe00,terrion-arnold-1,Terrion Arnold,False,DB,DB,D,Alabama,21.0,2025.0,0,0,1,5.0,,5.0,17.0,0.0,0.0,0.0,0.0,0.0,0.0,0.0,0.0,0.0,0.0,0.0,50.0,,
2024,1,25,GNB,,MorgJo03,jordan-morgan-3,Jordan Morgan,False,OL,OL,O,Arizona,23.0,2025.0,0,0,0,1.0,,1.0,7.0,0.0,0.0,0.0,0.0,0.0,0.0,0.0,0.0,0.0,0.0,0.0,,,
2024,1,26,TAM,,BartGr00,graham-barton-1,Graham Barton,False,OL,OL,O,Duke,22.0,2025.0,0,0,1,8.0,,8.0,17.0,0.0,0.0,0.0,0.0,0.0,0.0,0.0,0.0,0.0,0.0,0.0,,,
2024,1,27,ARI,00-0039854,RobiDa01,darius-robinson-2,Darius Robinson,False,DL,DL,D,Missouri,22.0,2025.0,0,0,0,0.0,,0.0,7.0,0.0,0.0,0.0,0.0,0.0,0.0,0.0,0.0,0.0,0.0,0.0,4.0,,1.0
2024,1,28,KAN,00-0039894,WortXa00,xavier-worthy-1,Xavier Worthy,False,WR,WR,O,Texas,21.0,2025.0,0,0,1,7.0,,7.0,18.0,0.0,0.0,0.0,0.0,0.0,21.0,104.0,3.0,59.0,638.0,6.0,,,
2024,1,29,DAL,,GuytTy00,tyler-guyton-1,Tyler Guyton,False,OL,OL,O,Oklahoma,23.0,2025.0,0,0,1,4.0,,4.0,16.0,0.0,0.0,0.0,0.0,0.0,0.0,0.0,0.0,0.0,0.0,0.0,,,
2024,1,30,BAL,00-0039232,WiggNa00,nate-wiggins-1,Nate Wiggins,False,CB,DB,D,Clemson,21.0,2025.0,0,0,0,2.0,,2.0,16.0,0.0,0.0,0.0,0.0,0.0,0.0,0.0,0.0,0.0,0.0,0.0,30.0,1.0,
2024,1,31,SFO,00-0039916,PearRi00,ricky-pearsall-1,Ricky Pearsall,False,WR,WR,O,Florida,23.0,2025.0,0,0,0,3.0,,3.0,12.0,0.0,1.0,0.0,0.0,0.0,3.0,45.0,0.0,35.0,508.0,3.0,,,
2024,1,32,CAR,00-0039342,LegeXa00,xavier-legette-1,Xavier Legette,False,WR,WR,O,South Carolina,23.0,2025.0,0,0,1,5.0,,5.0,17.0,0.0,0.0,0.0,0.0,0.0,6.0,24.0,0.0,52.0,507.0,4.0,,,
2024,2,33,BUF,00-0039901,ColeKe02,keon-coleman-1,Keon Coleman,False,WR,WR,O,Florida St.,21.0,2025.0,0,0,1,7.0,,7.0,14.0,0.0,0.0,0.0,0.0,0.0,1.0,9.0,0.0,37.0,668.0,5.0,,,
2024,2,34,LAC,00-0039915,McCoLa00,ladd-mcconkey-1,Ladd McConkey,False,WR,WR,O,Georgia,22.0,2025.0,0,0,1,11.0,,11.0,17.0,0.0,0.0,0.0,0.0,0.0,0.0,0.0,0.0,88.0,1223.0,7.0,,,
2024,2,35,ATL,00-0039733,OrhoRu00,ruke-orhorhoro-1,Ruke Orhorhoro,False,DT,DL,D,Clemson,22.0,2025.0,0,0,0,1.0,,1.0,9.0,0.0,0.0,0.0,0.0,0.0,0.0,0.0,0.0,0.0,0.0,0.0,4.0,,
2024,2,36,WAS,00-0039906,NewtJe00,jerzhan-newton-1,Jer'Zhan Newton,False,DL,DL,D,Illinois,22.0,2025.0,0,0,0,5.0,,5.0,17.0,0.0,0.0,0.0,0.0,0.0,0.0,0.0,0.0,0.0,0.0,0.0,20.0,,2.0
2024,2,37,NWE,00-0039907,PolkJa00,jalynn-polk-1,Ja'Lynn Polk,False,WR,WR,O,Washington,22.0,2024.0,0,0,1,1.0,,1.0,15.0,0.0,0.0,0.0,0.0,0.0,1.0,0.0,0.0,12.0,87.0,2.0,,,
2024,2,38,TEN,00-0039886,SweaTV01,tvondre-sweat-1,T'Vondre Sweat,False,DL,DL,D,Texas,23.0,2025.0,0,0,1,7.0,,7.0,18.0,0.0,0.0,0.0,0.0,0.0,0.0,0.0,0.0,0.0,0.0,0.0,24.0,,1.0
2024,2,39,LAR,00-0039734,FiskBr00,braden-fiske-1,Braden Fiske,False,DL,DL,D,Florida St.,24.0,2025.0,0,0,0,5.0,,5.0,18.0,0.0,0.0,0.0,0.0,0.0,0.0,0.0,0.0,0.0,0.0,0.0,21.0,,8.5
2024,2,40,PHI,00-0039841,DeJeCo00,cooper-dejean-1,Cooper DeJean,False,DB,DB,D,Iowa,21.0,2025.0,0,0,0,5.0,,5.0,17.0,0.0,0.0,0.0,0.0,0.0,0.0,0.0,0.0,0.0,0.0,0.0,41.0,,0.5
2024,2,41,NOR,00-0039860,McKiKo00,kool-aid-mckinstry-1,Kool-Aid McKinstry,False,DB,DB,D,Alabama,21.0,2025.0,0,0,0,3.0,,3.0,16.0,0.0,0.0,0.0,0.0,0.0,0.0,0.0,0.0,0.0,0.0,0.0,37.0,,
2024,2,42,HOU,00-0039343,LassKa00,kamari-lassiter-1,Kamari Lassiter,False,DB,DB,D,Georgia,21.0,2025.0,0,0,1,5.0,,5.0,15.0,0.0,0.0,0.0,0.0,0.0,0.0,0.0,0.0,0.0,0.0,0.0,47.0,3.0,
2024,2,43,ARI,00-0039807,MeltMa00,max-melton-1,Max Melton,False,DB,DB,D,Rutgers,22.0,2025.0,0,0,0,2.0,,2.0,18.0,0.0,0.0,0.0,0.0,0.0,0.0,0.0,0.0,0.0,0.0,0.0,40.0,,
2024,2,44,LVR,,PoweJa00,jackson-powers-johnson-1,Jackson Powers-Johnson,False,OL,OL,O,Oregon,21.0,2025.0,0,0,1,4.0,,4.0,16.0,0.0,0.0,0.0,0.0,0.0,0.0,0.0,0.0,0.0,0.0,0.0,,,
2024,2,45,GNB,00-0039850,CoopEd00,edgerrin-cooper-1,Edgerrin Cooper,False,LB,LB,D,Texas A&M,22.0,2025.0,0,0,0,4.0,,4.0,15.0,0.0,0.0,0.0,0.0,0.0,0.0,0.0,0.0,0.0,0.0,0.0,65.0,1.0,3.5
2024,2,46,CAR,00-0039344,BrooJo02,jonathon-brooks-1,Jonathon Brooks,False,RB,RB,O,Texas,21.0,2024.0,0,0,0,0.0,,0.0,3.0,0.0,0.0,0.0,0.0,0.0,9.0,22.0,0.0,3.0,23.0,0.0,,,
2024,2,47,NYG,00-0039861,NubiTy00,tyler-nubin-1,Tyler Nubin,False,DB,DB,D,Minnesota,23.0,2025.0,0,0,1,5.0,,5.0,14.0,0.0,0.0,0.0,0.0,0.0,0.0,0.0,0.0,0.0,0.0,0.0,58.0,,
2024,2,48,JAX,00-0039889,SmitMa07,maason-smith-1,Maason Smith,False,DT,DL,D,LSU,21.0,2024.0,0,0,0,2.0,,2.0,11.0,0.0,0.0,0.0,0.0,0.0,0.0,0.0,0.0,0.0,0.0,0.0,10.0,,3.0
2024,2,49,CIN,00-0039908,JenkKr01,kris-jenkins-1,Kris Jenkins,False,DL,DL,D,Michigan,22.0,2025.0,0,0,0,4.0,,4.0,16.0,0.0,0.0,0.0,0.0,0.0,0.0,0.0,0.0,0.0,0.0,0.0,12.0,,3.0
2024,2,50,WAS,00-0039898,SainMi00,mike-sainristil-1,Mike Sainristil,False,DB,DB,D,Michigan,23.0,2025.0,0,0,1,5.0,,5.0,18.0,0.0,0.0,0.0,0.0,0.0,0.0,0.0,0.0,0.0,0.0,0.0,63.0,2.0,
2024,2,51,PIT,,FrazZa00,zach-frazier-1,Zach Frazier,False,OL,OL,O,West Virginia,23.0,2025.0,0,0,1,6.0,,6.0,16.0,0.0,0.0,0.0,0.0,0.0,0.0,0.0,0.0,0.0,-2.0,0.0,,,
2024,2,52,IND,00-0039890,MitcAd00,adonai-mitchell-1,Adonai Mitchell,False,WR,WR,O,Texas,21.0,2025.0,0,0,1,3.0,,3.0,18.0,1.0,1.0,24.0,0.0,0.0,4.0,6.0,0.0,25.0,333.0,0.0,,,
2024,2,53,WAS,00-0039912,SinnBe00,ben-sinnott-1,Ben Sinnott,False,TE,TE,O,Kansas St.,22.0,2025.0,0,0,0,0.0,,0.0,18.0,0.0,0.0,0.0,0.0,0.0,0.0,0.0,0.0,5.0,28.0,1.0,2.0,,
2024,2,54,CLE,00-0039895,HallMi00,michael-hall-jr-1,Michael Hall,False,DT,DL,D,Ohio St.,21.0,2024.0,0,0,0,2.0,,2.0,8.0,0.0,0.0,0.0,0.0,0.0,0.0,0.0,0.0,0.0,0.0,0.0,8.0,,1.0
2024,2,55,MIA,,PaulPa01,patrick-paul-1,Patrick Paul,False,OL,OL,O,Houston,22.0,2025.0,0,0,0,2.0,,2.0,18.0,0.0,0.0,0.0,0.0,0.0,0.0,0.0,0.0,0.0,0.0,0.0,,,
2024,2,56,DAL,00-0039900,KneeMa00,marshawn-kneeland-1,Marshawn Kneeland,False,DL,DL,D,Western Michigan,23.0,2025.0,0,0,0,1.0,,1.0,12.0,0.0,0.0,0.0,0.0,0.0,0.0,0.0,0.0,0.0,0.0,0.0,11.0,,1.0
2024,2,57,TAM,00-0039902,BrasCh01,chris-braswell-1,Chris Braswell,False,LB,LB,D,Alabama,22.0,2025.0,0,0,0,1.0,,1.0,18.0,0.0,0.0,0.0,0.0,0.0,0.0,0.0,0.0,0.0,0.0,0.0,11.0,,1.5
2024,2,58,GNB,00-0039867,BullJa00,javon-bullard-1,Javon Bullard,False,DB,DB,D,Georgia,22.0,2025.0,0,0,1,4.0,,4.0,16.0,0.0,0.0,0.0,0.0,0.0,0.0,0.0,0.0,0.0,0.0,0.0,68.0,,
2024,2,59,HOU,,FishBl00,blake-fisher-1,Blake Fisher,False,OL,OL,O,Notre Dame,21.0,2025.0,0,0,0,3.0,,3.0,16.0,0.0,0.0,0.0,0.0,0.0,0.0,0.0,0.0,0.0,0.0,0.0,,,
2024,2,60,BUF,00-0039872,BishCo00,cole-bishop-1,Cole Bishop,False,SAF,DB,D,Utah,21.0,2025.0,0,0,0,2.0,,2.0,17.0,0.0,0.0,0.0,0.0,0.0,0.0,0.0,0.0,0.0,0.0,0.0,29.0,,
2024,2,61,DET,00-0039862,RakeEn00,ennis-rakestraw-jr-1,Ennis Rakestraw,False,DB,DB,D,Missouri,22.0,2024.0,0,0,0,0.0,,0.0,8.0,0.0,0.0,0.0,0.0,0.0,0.0,0.0,0.0,0.0,0.0,0.0,4.0,,
2024,2,62,BAL,,RoseRo01,roger-rosengarten-1,Roger Rosengarten,False,OL,OL,O,Washington,22.0,2025.0,0,0,1,8.0,,8.0,18.0,0.0,0.0,0.0,0.0,0.0,0.0,0.0,0.0,0.0,0.0,0.0,,,
2024,2,63,KAN,,SuamKi00,kingsley-suamataia-1,Kingsley Suamataia,False,OL,OL,O,BYU,21.0,2025.0,0,0,0,2.0,,2.0,16.0,0.0,0.0,0.0,0.0,0.0,0.0,0.0,0.0,0.0,0.0,0.0,,,
2024,2,64,SFO,00-0039345,GreeRe00,renardo-green-1,Renardo Green,False,DB,DB,D,Florida St.,23.0,2025.0,0,0,0,3.0,,3.0,18.0,0.0,0.0,0.0,0.0,0.0,0.0,0.0,0.0,0.0,0.0,0.0,43.0,1.0,
2024,3,65,NYJ,00-0039920,CorlMa00,malachi-corley-1,Malachi Corley,False,WR,WR,O,Western Kentucky,22.0,2024.0,0,0,0,0.0,,0.0,9.0,0.0,0.0,0.0,0.0,0.0,2.0,26.0,0.0,3.0,16.0,0.0,,,
2024,3,66,ARI,00-0039921,BensTr01,trey-benson-2,Trey Benson,False,RB,RB,O,Florida St.,22.0,2025.0,0,0,0,2.0,,2.0,14.0,0.0,0.0,0.0,0.0,0.0,71.0,360.0,1.0,7.0,65.0,0.0,,,
2024,3,67,WAS,,ColeBr02,brandon-coleman-5,Brandon Coleman,False,OL,OL,O,TCU,23.0,2025.0,0,0,1,8.0,,8.0,17.0,0.0,0.0,0.0,0.0,0.0,0.0,0.0,0.0,0.0,0.0,0.0,,,
2024,3,68,NWE,,WallCa00,caedan-wallace-1,Caedan Wallace,False,OL,OL,O,Penn St.,24.0,2024.0,0,0,0,1.0,,1.0,6.0,0.0,0.0,0.0,0.0,0.0,0.0,0.0,0.0,0.0,0.0,0.0,,,
2024,3,69,LAC,00-0039346,ColsJu00,junior-colson-1,Junior Colson,False,LB,LB,D,Michigan,21.0,2024.0,0,0,0,1.0,,1.0,11.0,0.0,0.0,0.0,0.0,0.0,0.0,0.0,0.0,0.0,0.0,0.0,15.0,,
2024,3,70,NYG,00-0039821,PhilAn02,andru-phillips-1,Andru Phillips,False,DB,DB,D,Kentucky,22.0,2025.0,0,0,0,3.0,,3.0,15.0,0.0,0.0,0.0,0.0,0.0,0.0,0.0,0.0,0.0,0.0,0.0,49.0,1.0,1.0
2024,3,71,ARI,,AdamIs01,isaiah-adams-1,Isaiah Adams,False,OL,OL,O,Illinois,24.0,2025.0,0,0,0,3.0,,3.0,16.0,0.0,0.0,0.0,0.0,0.0,0.0,0.0,0.0,0.0,0.0,0.0,,,
2024,3,72,CAR,00-0039347,WallTr00,trevin-wallace-1,Trevin Wallace,False,LB,LB,D,Kentucky,21.0,2025.0,0,0,1,3.0,,3.0,14.0,0.0,0.0,0.0,0.0,0.0,0.0,0.0,0.0,0.0,0.0,0.0,41.0,,1.0
2024,3,73,DAL,,BeebCo00,cooper-beebe-1,Cooper Beebe,False,OL,OL,O,Kansas St.,23.0,2025.0,0,0,1,5.0,,5.0,17.0,0.0,0.0,0.0,0.0,0.0,0.0,0.0,0.0,0.0,0.0,0.0,,,
2024,3,74,ATL,00-0039837,TricBr00,bralen-trice-1,Bralen Trice,False,DE,DL,D,Washington,23.0,,0,0,0,,,,,,,,,,,,,,,,,,
2024,3,75,CHI,,AmegKi00,,Kiran Amegadjie,False,OL,OL,O,Yale,22.0,2024.0,0,0,0,1.0,,1.0,6.0,0.0,0.0,0.0,0.0,0.0,0.0,0.0,0.0,0.0,0.0,0.0,,,
2024,3,76,DEN,00-0039809,ElliJo03,jonah-elliss-1,Jonah Elliss,False,DE,DL,D,Utah,21.0,2025.0,0,0,0,2.0,,2.0,18.0,0.0,0.0,0.0,0.0,0.0,0.0,0.0,0.0,0.0,0.0,0.0,27.0,,6.0
2024,3,77,LVR,,GlazDe00,delmar-glaze-1,Delmar Glaze,False,OL,OL,O,Maryland,22.0,2025.0,0,0,1,5.0,,5.0,18.0,0.0,0.0,0.0,0.0,0.0,0.0,0.0,0.0,0.0,0.0,0.0,,,
2024,3,78,HOU,00-0039838,BullCa00,calen-bullock-1,Calen Bullock,False,SAF,DB,D,USC,21.0,2025.0,0,0,1,5.0,,5.0,18.0,0.0,0.0,0.0,0.0,0.0,0.0,0.0,0.0,0.0,0.0,0.0,40.0,5.0,
2024,3,79,IND,,GoncMa00,matt-goncalves-1,Matt Goncalves,False,OL,OL,O,Pittsburgh,23.0,2025.0,0,0,0,4.0,,4.0,18.0,0.0,0.0,0.0,0.0,0.0,0.0,0.0,0.0,0.0,0.0,0.0,,,
2024,3,80,CIN,00-0039810,BurtJe01,jermaine-burton-1,Jermaine Burton,False,WR,WR,O,Alabama,23.0,2024.0,0,0,0,1.0,,1.0,14.0,0.0,0.0,0.0,0.0,0.0,0.0,0.0,0.0,4.0,107.0,0.0,,,
2024,3,81,SEA,,HaynCh00,christian-haynes-2,Christian Haynes,False,OL,OL,O,Connecticut,24.0,2024.0,0,0,0,1.0,,1.0,16.0,0.0,0.0,0.0,0.0,0.0,0.0,0.0,0.0,0.0,0.0,0.0,,,
2024,3,82,ARI,00-0039737,ReimTi00,tip-reiman-1,Tip Reiman,False,TE,TE,O,Illinois,22.0,2025.0,0,0,1,0.0,,0.0,18.0,0.0,0.0,0.0,0.0,0.0,0.0,0.0,0.0,7.0,47.0,0.0,,,
2024,3,83,LAR,00-0039738,CoruBl00,blake-corum-1,Blake Corum,False,RB,RB,O,Michigan,23.0,2025.0,0,0,0,2.0,,2.0,18.0,0.0,0.0,0.0,0.0,0.0,59.0,209.0,0.0,8.0,72.0,0.0,1.0,,
2024,3,84,PIT,00-0039739,WilsRo02,roman-wilson-1,Roman Wilson,False,WR,WR,O,Michigan,23.0,2025.0,0,0,0,0.0,,0.0,2.0,0.0,0.0,0.0,0.0,0.0,0.0,0.0,0.0,0.0,0.0,0.0,,,
2024,3,85,CLE,,ZintZa00,zak-zinter-1,Zak Zinter,False,OL,OL,O,Michigan,23.0,2024.0,0,0,0,1.0,,1.0,17.0,0.0,0.0,0.0,0.0,0.0,0.0,0.0,0.0,0.0,0.0,0.0,,,
2024,3,86,SFO,,PuniDo00,dominick-puni-1,Dominick Puni,False,OL,OL,O,Kansas,24.0,2025.0,0,0,1,7.0,,7.0,18.0,0.0,0.0,0.0,0.0,0.0,0.0,0.0,0.0,0.0,-3.0,0.0,,,
2024,3,87,DAL,00-0039352,LiufMa00,marist-liufau-1,Marist Liufau,False,LB,LB,D,Notre Dame,23.0,2025.0,0,0,0,4.0,,4.0,18.0,0.0,0.0,0.0,0.0,0.0,0.0,0.0,0.0,0.0,0.0,0.0,33.0,,1.5
2024,3,88,GNB,00-0039811,LloyMa00,marshawn-lloyd-1,MarShawn Lloyd,False,RB,RB,O,USC,23.0,2024.0,0,0,0,0.0,,0.0,1.0,0.0,0.0,0.0,0.0,0.0,6.0,15.0,0.0,1.0,3.0,0.0,,,
2024,3,89,TAM,00-0039846,SmitTy05,tykee-smith-1,Tykee Smith,False,DB,DB,D,Georgia,23.0,2025.0,0,0,0,3.0,,3.0,14.0,0.0,0.0,0.0,0.0,0.0,0.0,0.0,0.0,0.0,0.0,0.0,45.0,2.0,
2024,3,90,ARI,00-0039823,JoneEl00,elijah-jones-3,Elijah Jones,False,DB,DB,D,Boston Col.,24.0,,0,0,0,,,,,,,,,,,,,,,,,,
2024,3,91,GNB,00-0039812,HoppTy00,tyron-hopper-1,Ty'Ron Hopper,False,LB,LB,D,Missouri,23.0,2025.0,0,0,0,1.0,,1.0,18.0,0.0,0.0,0.0,0.0,0.0,0.0,0.0,0.0,0.0,0.0,0.0,6.0,,
2024,3,92,TAM,00-0039855,McMiJa01,jalen-mcmillan-1,Jalen McMillan,False,WR,WR,O,Washington,22.0,2024.0,0,0,0,5.0,,5.0,13.0,0.0,0.0,0.0,0.0,0.0,4.0,43.0,0.0,37.0,461.0,8.0,,,
2024,3,93,BAL,00-0039791,IsaaAd00,adisa-isaac-1,Adisa Isaac,False,DE,DL,D,Penn St.,22.0,2024.0,0,0,0,0.0,,0.0,4.0,0.0,0.0,0.0,0.0,0.0,0.0,0.0,0.0,0.0,0.0,0.0,2.0,,
2024,3,94,PHI,00-0039740,HuntJa02,,Jalyx Hunt,False,DE,DL,D,Houston Christian,23.0,2025.0,0,0,0,2.0,,2.0,17.0,0.0,0.0,0.0,0.0,0.0,0.0,0.0,0.0,0.0,0.0,0.0,13.0,,1.5
2024,3,95,BUF,00-0039873,CartDe03,dewayne-carter-2,DeWayne Carter,False,DT,DL,D,Duke,23.0,2024.0,0,0,0,2.0,,2.0,11.0,0.0,0.0,0.0,0.0,0.0,0.0,0.0,0.0,0.0,0.0,0.0,11.0,,
2024,3,96,JAX,00-0039353,JoneJa14,jarrian-jones-1,Jarrian Jones,False,DB,DB,D,Florida St.,23.0,2025.0,0,0,0,2.0,,2.0,18.0,0.0,0.0,0.0,0.0,0.0,0.0,0.0,0.0,0.0,0.0,0.0,34.0,1.0,2.0
2024,3,97,CIN,00-0039354,JackMc00,mckinnley-jackson-1,McKinnley Jackson,False,DL,DL,D,Texas A&M,22.0,2024.0,0,0,0,1.0,,1.0,13.0,0.0,0.0,0.0,0.0,0.0,0.0,0.0,0.0,0.0,0.0,0.0,6.0,,1.0
2024,3,98,PIT,00-0039741,WilsPa00,payton-wilson-1,Payton Wilson,False,LB,LB,D,North Carolina St.,24.0,2025.0,0,0,0,4.0,,4.0,18.0,0.0,0.0,0.0,0.0,0.0,0.0,0.0,0.0,0.0,0.0,0.0,52.0,1.0,
2024,3,99,LAR,00-0039834,KincKa00,kamren-kinchens-1,Kamren Kinchens,False,SAF,DB,D,Miami (FL),21.0,2025.0,0,0,0,3.0,,3.0,18.0,0.0,0.0,0.0,0.0,0.0,0.0,0.0,0.0,0.0,0.0,0.0,38.0,4.0,
2024,3,100,WAS,00-0039355,McCaLu00,luke-mccaffrey-1,Luke McCaffrey,False,WR,WR,O,Rice,23.0,2025.0,0,0,0,2.0,,2.0,18.0,0.0,0.0,0.0,0.0,0.0,0.0,0.0,0.0,18.0,168.0,0.0,,,
2024,4,101,CAR,00-0039356,SandJa01,jatavion-sanders-1,Ja'Tavion Sanders,False,TE,TE,O,Texas,21.0,2025.0,0,0,0,3.0,,3.0,17.0,0.0,0.0,0.0,0.0,0.0,0.0,0.0,0.0,35.0,369.0,1.0,,,
2024,4,102,DEN,00-0039868,FranTr00,troy-franklin-2,Troy Franklin,False,WR,WR,O,Oregon,21.0,2025.0,0,0,0,2.0,,2.0,17.0,0.0,0.0,0.0,0.0,0.0,2.0,8.0,0.0,32.0,307.0,2.0,,,
2024,4,103,NWE,,RobiLa02,layden-robinson-1,Layden Robinson,False,OL,OL,O,Texas A&M,23.0,2024.0,0,0,1,4.0,,4.0,13.0,0.0,0.0,0.0,0.0,0.0,0.0,0.0,0.0,0.0,0.0,0.0,,,
2024,4,104,ARI,00-0039864,TaylDa02,dadrion-taylor-demerson-1,Dadrion Taylor-Demerson,False,DB,DB,D,Texas Tech,23.0,2025.0,0,0,0,1.0,,1.0,18.0,0.0,0.0,0.0,0.0,0.0,0.0,0.0,0.0,0.0,0.0,0.0,26.0,,
2024,4,105,LAC,00-0039835,EboiJu00,justin-eboigbe-1,Justin Eboigbe,False,DL,DL,D,Alabama,23.0,2025.0,0,0,0,0.0,,0.0,6.0,0.0,0.0,0.0,0.0,0.0,0.0,0.0,0.0,0.0,0.0,0.0,1.0,,
2024,4,106,TEN,00-0039858,GrayCe00,cedric-gray-1,Cedric Gray,False,LB,LB,D,North Carolina,21.0,2025.0,0,0,0,0.0,,0.0,8.0,0.0,0.0,0.0,0.0,0.0,0.0,0.0,0.0,0.0,0.0,0.0,18.0,,
2024,4,107,NYG,00-0039847,JohnTh00,theo-johnson-1,Theo Johnson,False,TE,TE,O,Penn St.,23.0,2025.0,0,0,1,2.0,,2.0,13.0,0.0,0.0,0.0,0.0,0.0,0.0,0.0,0.0,30.0,336.0,1.0,,,
2024,4,108,MIN,00-0039856,JackKh00,khyree-jackson-1,Khyree Jackson,False,DB,DB,D,Oregon,25.0,,0,0,0,,,,,,,,,,,,,,,,,,
2024,4,109,ATL,00-0039859,DorlBr00,brandon-dorlus-1,Brandon Dorlus,False,DE,DL,D,Oregon,23.0,2025.0,0,0,0,0.0,,0.0,3.0,0.0,0.0,0.0,0.0,0.0,0.0,0.0,0.0,0.0,0.0,0.0,1.0,,
2024,4,110,NWE,00-0039853,BakeJa00,javon-baker-1,Javon Baker,False,WR,WR,O,Central Florida,22.0,2024.0,0,0,0,0.0,,0.0,11.0,0.0,0.0,0.0,0.0,0.0,0.0,0.0,0.0,1.0,12.0,0.0,,,
2024,4,111,GNB,00-0039813,WillEv00,evan-williams-3,Evan Williams,False,DB,DB,D,Oregon,23.0,2025.0,0,0,0,3.0,,3.0,14.0,0.0,0.0,0.0,0.0,0.0,0.0,0.0,0.0,0.0,0.0,0.0,32.0,2.0,
2024,4,112,LVR,00-0039357,RichDe01,decamerion-richardson-1,Decamerion Richardson,False,CB,DB,D,Mississippi St.,23.0,2025.0,0,0,0,3.0,,3.0,13.0,0.0,0.0,0.0,0.0,0.0,0.0,0.0,0.0,0.0,0.0,0.0,28.0,,
2024,4,113,BAL,00-0039792,WalkDe01,devontez-walker-1,Devontez Walker,False,WR,WR,O,North Carolina,23.0,2025.0,0,0,0,0.0,,0.0,10.0,0.0,0.0,0.0,0.0,0.0,0.0,0.0,0.0,1.0,21.0,1.0,2.0,,
2024,4,114,JAX,,FostJa01,javon-foster-1,Javon Foster,False,OL,OL,O,Missouri,24.0,2024.0,0,0,0,0.0,,0.0,4.0,0.0,0.0,0.0,0.0,0.0,0.0,0.0,0.0,0.0,0.0,0.0,,,
2024,4,115,CIN,00-0039814,AllxEr00,erick-all-1,Erick All,False,TE,TE,O,Iowa,23.0,2024.0,0,0,1,1.0,,1.0,9.0,0.0,0.0,0.0,0.0,0.0,0.0,0.0,0.0,20.0,158.0,0.0,,,
2024,4,116,JAX,00-0039743,JeffJo01,jordan-jefferson-4,Jordan Jefferson,False,DT,DL,D,LSU,22.0,2024.0,0,0,0,1.0,,1.0,8.0,0.0,0.0,0.0,0.0,0.0,0.0,0.0,0.0,0.0,0.0,0.0,5.0,,1.0
2024,4,117,IND,,BortTa00,taner-bortolini-1,Tanor Bortolini,False,OL,OL,O,Wisconsin,22.0,2025.0,0,0,0,2.0,,2.0,13.0,0.0,0.0,0.0,0.0,0.0,0.0,0.0,0.0,0.0,0.0,0.0,,,
2024,4,118,SEA,00-0039815,KnigTy00,tyrice-knight-1,Tyrice Knight,False,LB,LB,D,Texas-El Paso,23.0,2025.0,0,0,0,6.0,,6.0,17.0,0.0,0.0,0.0,0.0,0.0,0.0,0.0,0.0,0.0,0.0,0.0,45.0,,1.5
2024,4,119,PIT,,McCoMa00,,Mason McCormick,False,OL,OL,O,South Dakota St.,24.0,2025.0,0,0,1,6.0,,6.0,18.0,0.0,0.0,0.0,0.0,0.0,0.0,0.0,0.0,0.0,0.0,0.0,,,
2024,4,120,MIA,00-0039874,WrigJa04,jaylen-wright-1,Jaylen Wright,False,RB,RB,O,Tennessee,21.0,2024.0,0,0,0,2.0,,2.0,15.0,0.0,0.0,0.0,0.0,0.0,68.0,249.0,0.0,3.0,8.0,0.0,,,
2024,4,121,SEA,00-0039793,BarnAJ00,aj-barner-1,AJ Barner,False,TE,TE,O,Michigan,22.0,2025.0,0,0,0,2.0,,2.0,18.0,0.0,0.0,0.0,0.0,0.0,1.0,2.0,0.0,31.0,245.0,4.0,3.0,,
2024,4,122,CHI,00-0039745,TaylTo01,tory-taylor-1,Tory Taylor,False,P,P,S,Iowa,27.0,2025.0,0,0,0,4.0,,4.0,18.0,0.0,0.0,0.0,0.0,0.0,0.0,0.0,0.0,0.0,0.0,0.0,,,
2024,4,123,HOU,00-0039359,StovCa00,cade-stover-1,Cade Stover,False,TE,TE,O,Ohio St.,24.0,2025.0,0,0,1,1.0,,1.0,16.0,0.0,0.0,0.0,0.0,0.0,0.0,0.0,0.0,19.0,155.0,1.0,5.0,,
2024,4,124,SFO,00-0039360,MustMa00,malik-mustapha-1,Malik Mustapha,False,DB,DB,D,Wake Forest,22.0,2024.0,0,0,1,4.0,,4.0,16.0,0.0,0.0,0.0,0.0,0.0,0.0,0.0,0.0,0.0,0.0,0.0,32.0,1.0,
2024,4,125,TAM,00-0039361,IrviBu00,markeise-irving-1,Bucky Irving,False,RB,RB,O,Oregon,22.0,2025.0,0,0,0,12.0,,12.0,18.0,0.0,0.0,0.0,0.0,0.0,221.0,1159.0,8.0,51.0,400.0,1.0,,,
2024,4,126,DET,,ManuGi00,,Giovanni Manu,False,OL,OL,O,British Columbia,23.0,2025.0,0,0,0,0.0,,0.0,1.0,0.0,0.0,0.0,0.0,0.0,0.0,0.0,0.0,0.0,0.0,0.0,,,
2024,4,127,PHI,00-0039746,ShipWi00,will-shipley-1,Will Shipley,False,RB,RB,O,Clemson,22.0,2025.0,0,0,0,1.0,,1.0,17.0,0.0,0.0,0.0,0.0,0.0,33.0,108.0,0.0,4.0,35.0,0.0,5.0,,
2024,4,128,BUF,00-0039875,DaviRa04,remahn-davis-1,Ray Davis,False,RB,RB,O,Kentucky,24.0,2025.0,0,0,0,6.0,,6.0,18.0,0.0,0.0,0.0,0.0,0.0,114.0,444.0,3.0,18.0,188.0,3.0,,,
2024,4,129,SFO,00-0039363,GuerIs00,isaac-guerendo-1,Isaac Guerendo,False,RB,RB,O,Louisville,24.0,2025.0,0,0,0,4.0,,4.0,17.0,0.0,0.0,0.0,0.0,0.0,84.0,420.0,4.0,15.0,152.0,0.0,,,
2024,4,130,BAL,00-0039234,TampTJ00,tj-tampa-1,T.J. Tampa,False,DB,DB,D,Iowa St.,22.0,2025.0,0,0,0,0.0,,0.0,8.0,0.0,0.0,0.0,0.0,0.0,0.0,0.0,0.0,0.0,0.0,0.0,3.0,,
2024,4,131,KAN,00-0039824,WileJa00,jared-wiley-1,Jared Wiley,False,TE,TE,O,TCU,23.0,2024.0,0,0,0,0.0,,0.0,7.0,0.0,0.0,0.0,0.0,0.0,0.0,0.0,0.0,1.0,7.0,0.0,,,
2024,4,132,DET,00-0039364,VakiSi00,sione-vaki-1,Sione Vaki,False,SAF,DB,D,Utah,23.0,2024.0,0,0,0,1.0,,1.0,16.0,0.0,0.0,0.0,0.0,0.0,6.0,14.0,0.0,3.0,37.0,0.0,8.0,,
2024,4,133,KAN,00-0039825,HickJa01,jaden-hicks-1,Jaden Hicks,False,DB,DB,D,Washington St.,22.0,2025.0,0,0,0,2.0,,2.0,18.0,0.0,0.0,0.0,0.0,0.0,1.0,1.0,0.0,0.0,0.0,0.0,26.0,3.0,
2024,4,134,NYJ,00-0039794,AlleBr05,braelon-allen-1,Braelon Allen,False,RB,RB,O,Wisconsin,20.0,2025.0,0,0,0,3.0,,3.0,18.0,0.0,0.0,0.0,0.0,0.0,98.0,343.0,3.0,19.0,148.0,1.0,1.0,,
2024,4,135,SFO,00-0039365,CowiJa00,jacob-cowing-1,Jacob Cowing,False,WR,WR,O,Arizona,23.0,2024.0,0,0,0,1.0,,1.0,15.0,0.0,0.0,0.0,0.0,0.0,1.0,7.0,0.0,4.0,80.0,0.0,,,
2024,5,136,SEA,00-0039795,PritNe00,nehemiah-pritchett-1,Nehemiah Pritchett,False,CB,DB,D,Auburn,23.0,2025.0,0,0,0,1.0,,1.0,11.0,0.0,0.0,0.0,0.0,0.0,0.0,0.0,0.0,0.0,0.0,0.0,9.0,,
2024,5,137,LAC,00-0039366,StilTa00,tarheeb-still-1,Tarheeb Still,False,DB,DB,D,Maryland,22.0,2025.0,0,0,0,6.0,,6.0,15.0,0.0,0.0,0.0,0.0,0.0,0.0,0.0,0.0,0.0,0.0,0.0,48.0,4.0,0.5
2024,5,138,ARI,00-0039367,ThomXa01,xavier-thomas-1,Xavier Thomas,False,DE,DL,D,Clemson,24.0,2024.0,0,0,0,1.0,,1.0,14.0,0.0,0.0,0.0,0.0,0.0,0.0,0.0,0.0,0.0,0.0,0.0,6.0,,2.5
2024,5,139,WAS,00-0039368,MageJo00,jordan-magee-1,Jordan Magee,False,LB,LB,D,Temple,23.0,2025.0,0,0,0,1.0,,1.0,9.0,0.0,0.0,0.0,0.0,0.0,0.0,0.0,0.0,0.0,0.0,0.0,7.0,,
2024,5,140,LAC,00-0039369,HartCa00,cam-hart-1,Cam Hart,False,CB,DB,D,Notre Dame,23.0,2025.0,0,0,1,3.0,,3.0,15.0,0.0,0.0,0.0,0.0,0.0,0.0,0.0,0.0,0.0,0.0,0.0,32.0,,0.5
2024,5,141,BUF,,VanPSe00,sedrick-van-pran-1,Sedrick Van Pran-Granger,False,OL,OL,O,Georgia,22.0,2024.0,0,0,0,2.0,,2.0,16.0,0.0,0.0,0.0,0.0,0.0,0.0,0.0,0.0,0.0,0.0,0.0,,,
2024,5,142,IND,00-0039816,GoulAn00,anthony-gould-1,Anthony Gould,False,WR,WR,O,Oregon St.,23.0,2025.0,0,0,0,0.0,,0.0,9.0,0.0,0.0,0.0,0.0,0.0,0.0,0.0,0.0,1.0,23.0,0.0,,,
2024,5,143,ATL,00-0039370,BertJD00,jd-bertrand-1,JD Bertrand,False,LB,LB,D,Notre Dame,24.0,2025.0,0,0,0,1.0,,1.0,13.0,0.0,0.0,0.0,0.0,0.0,0.0,0.0,0.0,0.0,0.0,0.0,16.0,,1.0
2024,5,144,CHI,00-0039840,BookAu00,austin-booker-1,Austin Booker,False,DL,DL,D,Kansas,21.0,2024.0,0,0,0,1.0,,1.0,17.0,0.0,0.0,0.0,0.0,0.0,0.0,0.0,0.0,0.0,0.0,0.0,14.0,,1.5
2024,5,145,DEN,00-0039371,AbraKr00,kris-abrams-draine-1,Kris Abrams-Draine,False,DB,DB,D,Missouri,22.0,2025.0,0,0,0,1.0,,1.0,6.0,0.0,0.0,0.0,0.0,0.0,0.0,0.0,0.0,0.0,0.0,0.0,6.0,1.0,
2024,5,146,TEN,00-0039372,BrowJa09,jarvis-brownlee-1,Jarvis Brownlee,False,DB,DB,D,Louisville,23.0,2025.0,0,0,1,5.0,,5.0,18.0,0.0,0.0,0.0,0.0,0.0,0.0,0.0,0.0,0.0,0.0,0.0,52.0,1.0,
2024,5,147,DEN,00-0039373,EstiAu00,audric-estime-1,Audric Estime,False,RB,RB,O,Notre Dame,21.0,2024.0,0,0,0,2.0,,2.0,13.0,0.0,0.0,0.0,0.0,0.0,76.0,310.0,2.0,5.0,27.0,0.0,,,
2024,5,148,LVR,00-0039374,EichTo00,tommy-eichenberg-1,Tommy Eichenberg,False,LB,LB,D,Ohio St.,23.0,2025.0,0,0,0,1.0,,1.0,15.0,0.0,0.0,0.0,0.0,0.0,0.0,0.0,0.0,0.0,0.0,0.0,9.0,,
2024,5,149,CIN,00-0039375,NewtJo00,josh-newton-1,Josh Newton,False,CB,DB,D,TCU,23.0,2025.0,0,0,0,2.0,,2.0,18.0,0.0,0.0,0.0,0.0,0.0,0.0,0.0,0.0,0.0,0.0,0.0,30.0,1.0,
2024,5,150,NOR,00-0039376,RattSp00,spencer-rattler-1,Spencer Rattler,False,QB,QB,O,South Carolina,23.0,2025.0,0,0,0,2.0,,2.0,8.0,157.0,274.0,1531.0,4.0,5.0,22.0,175.0,0.0,0.0,0.0,0.0,,,
2024,5,151,IND,00-0039377,CarlJa01,jaylon-carlies-1,Jaylon Carlies,False,DB,DB,D,Missouri,22.0,2024.0,0,0,0,3.0,,3.0,10.0,0.0,0.0,0.0,0.0,0.0,0.0,0.0,0.0,0.0,0.0,0.0,24.0,,1.0
2024,5,152,PHI,00-0039747,SmitAi00,ainias-smith-1,Ainias Smith,False,WR,WR,O,Texas A&M,23.0,2024.0,0,0,0,1.0,,1.0,7.0,0.0,0.0,0.0,0.0,0.0,2.0,6.0,0.0,7.0,41.0,1.0,,,
2024,5,153,JAX,00-0039378,PrinDe01,deantre-prince-1,Deantre Prince,False,CB,DB,D,Mississippi,23.0,2024.0,0,0,0,1.0,,1.0,10.0,0.0,0.0,0.0,0.0,0.0,0.0,0.0,0.0,0.0,0.0,0.0,6.0,,
2024,5,154,LAR,00-0039836,JackBr02,brennan-jackson-1,Brennan Jackson,False,DE,DL,D,Washington St.,23.0,2024.0,0,0,0,1.0,,1.0,7.0,0.0,0.0,0.0,0.0,0.0,0.0,0.0,0.0,0.0,0.0,0.0,2.0,,
2024,5,155,PHI,00-0039826,TrotJe01,jeremiah-trotter-jr-1,Jeremiah Trotter Jr.,False,LB,LB,D,Clemson,21.0,2025.0,0,0,0,2.0,,2.0,18.0,0.0,0.0,0.0,0.0,0.0,0.0,0.0,0.0,0.0,0.0,0.0,9.0,,0.5
2024,5,156,CLE,00-0039379,ThraJa01,jamari-thrash-1,Jamari Thrash,False,WR,WR,O,Louisville,23.0,2025.0,0,0,0,0.0,,0.0,10.0,0.0,0.0,0.0,0.0,0.0,0.0,0.0,0.0,4.0,28.0,0.0,,,
2024,5,157,CAR,00-0039380,SmitCh05,chau-smith-wade-1,Chau Smith-Wade,False,DB,DB,D,Washington St.,21.0,2025.0,0,0,0,2.0,,2.0,15.0,0.0,0.0,0.0,0.0,0.0,0.0,0.0,0.0,0.0,0.0,0.0,25.0,1.0,
2024,5,158,MIA,00-0039877,KamaMo00,mohamed-kamara-1,Mohamed Kamara,False,DL,DL,D,Colorado St.,25.0,2024.0,0,0,0,0.0,,0.0,5.0,0.0,0.0,0.0,0.0,0.0,0.0,0.0,0.0,0.0,0.0,0.0,,,
2024,5,159,KAN,,NourHu00,hunter-nourzad-1,Hunter Nourzad,False,OL,OL,O,Penn St.,23.0,2024.0,0,0,0,1.0,,1.0,17.0,0.0,0.0,0.0,0.0,0.0,0.0,0.0,0.0,0.0,0.0,0.0,,,
2024,5,160,BUF,00-0039878,UlofEd00,edefuan-ulofoshio-1,Edefuan Ulofoshio,False,LB,LB,D,Washington,24.0,2024.0,0,0,0,1.0,,1.0,4.0,0.0,0.0,0.0,0.0,0.0,0.0,0.0,0.0,0.0,0.0,0.0,5.0,,
2024,5,161,WAS,00-0039381,HampDo00,dominique-hampton-1,Dominique Hampton,False,CB,DB,D,Washington,24.0,2024.0,0,0,0,0.0,,0.0,1.0,0.0,0.0,0.0,0.0,0.0,0.0,0.0,0.0,0.0,0.0,0.0,,,
2024,5,162,ARI,,JoneCh12,christian-jones-4,Christian Jones,False,OL,OL,O,Texas,24.0,2024.0,0,0,0,1.0,,1.0,2.0,0.0,0.0,0.0,0.0,0.0,0.0,0.0,0.0,0.0,0.0,0.0,,,
2024,5,163,GNB,,MonkJa00,jacob-monk-1,Jacob Monk,False,OL,OL,O,Duke,23.0,2024.0,0,0,0,1.0,,1.0,10.0,0.0,0.0,0.0,0.0,0.0,0.0,0.0,0.0,0.0,0.0,0.0,,,
2024,5,164,IND,00-0039383,SimpJa00,jaylin-simpson-1,Jaylin Simpson,False,SAF,DB,D,Auburn,24.0,,0,0,0,,,,,,,,,,,,,,,,,,
2024,5,165,BAL,00-0039796,AlixRa00,rasheen-ali-1,Rasheen Ali,False,RB,RB,O,Marshall,23.0,2025.0,0,0,0,0.0,,0.0,7.0,0.0,0.0,0.0,0.0,0.0,11.0,36.0,0.0,0.0,0.0,0.0,1.0,,
2024,5,166,NYG,00-0039384,TracTy00,tyrone-tracy-jr-1,Tyrone Tracy Jr.,False,RB,RB,O,Purdue,24.0,2025.0,0,0,1,6.0,,6.0,18.0,0.0,0.0,0.0,0.0,0.0,202.0,863.0,5.0,40.0,295.0,1.0,,,
2024,5,167,JAX,00-0039385,RobiKe03,keilan-robinson-1,Keilan Robinson,False,RB,RB,O,Texas,24.0,2024.0,0,0,0,0.0,,0.0,6.0,0.0,0.0,0.0,0.0,0.0,0.0,0.0,0.0,0.0,0.0,0.0,,,
2024,5,168,BUF,00-0039879,SoloJa00,javon-solomon-1,Javon Solomon,False,DE,DL,D,Troy,23.0,2025.0,0,0,0,2.0,,2.0,15.0,0.0,0.0,0.0,0.0,0.0,0.0,0.0,0.0,0.0,0.0,0.0,9.0,,2.0
2024,5,169,GNB,00-0039818,OladKi00,kitan-oladapo-1,Kitan Oladapo,False,DB,DB,D,Oregon St.,23.0,2025.0,0,0,0,1.0,,1.0,10.0,0.0,0.0,0.0,0.0,0.0,0.0,0.0,0.0,0.0,0.0,0.0,2.0,,
2024,5,170,NOR,00-0039386,MeanBu00,bub-means-1,Bub Means,False,WR,WR,O,Pittsburgh,23.0,2024.0,0,0,0,1.0,,1.0,7.0,0.0,0.0,0.0,0.0,0.0,0.0,0.0,0.0,9.0,118.0,1.0,,,
2024,5,171,NYJ,00-0039797,TravJo00,jordan-travis-1,Jordan Travis,False,QB,QB,O,Florida St.,24.0,,0,0,0,,,,,,,,,,,,,,,,,,
2024,5,172,PHI,,KeegTr00,trevor-keegan-1,Trevor Keegan,False,OL,OL,O,Michigan,24.0,2024.0,0,0,0,0.0,,0.0,1.0,0.0,0.0,0.0,0.0,0.0,0.0,0.0,0.0,0.0,0.0,0.0,,,
2024,5,173,NYJ,00-0039798,DaviIs00,,Isaiah Davis,False,RB,RB,O,South Dakota St.,22.0,2025.0,0,0,0,2.0,,2.0,18.0,0.0,0.0,0.0,0.0,0.0,32.0,192.0,1.0,9.0,75.0,1.0,7.0,,
2024,5,174,DAL,00-0039387,CarsCa01,caelen-carson-1,Caelen Carson,False,DB,DB,D,Wake Forest,22.0,2024.0,0,0,0,1.0,,1.0,6.0,0.0,0.0,0.0,0.0,0.0,0.0,0.0,0.0,0.0,0.0,0.0,24.0,,
2024,5,175,NOR,00-0039388,FordJa02,jaylan-ford-1,Jaylan Ford,False,LB,LB,D,Texas,22.0,2025.0,0,0,0,1.0,,1.0,9.0,0.0,0.0,0.0,0.0,0.0,0.0,0.0,0.0,0.0,0.0,0.0,2.0,,
2024,5,176,NYJ,00-0039789,StigQw00,,Qwan'tez Stiggers,False,CB,DB,D,,22.0,2025.0,0,0,0,1.0,,1.0,15.0,0.0,0.0,0.0,0.0,0.0,0.0,0.0,0.0,0.0,0.0,0.0,7.0,,
2024,6,177,MIN,,RousWa00,walter-rouse-1,Walter Rouse,False,OL,OL,O,Oklahoma,23.0,2025.0,0,0,0,0.0,,0.0,2.0,0.0,0.0,0.0,0.0,0.0,0.0,0.0,0.0,0.0,0.0,0.0,,,
2024,6,178,PIT,00-0039389,LeexLo00,logan-lee-2,Logan Lee,False,DL,DL,D,Iowa,24.0,2025.0,0,0,0,0.0,,0.0,1.0,0.0,0.0,0.0,0.0,0.0,0.0,0.0,0.0,0.0,0.0,0.0,,,
2024,6,179,SEA,,LaumSa00,sataoa-laumea-1,Sataoa Laumea,False,OL,OL,O,Utah,23.0,2024.0,0,0,0,2.0,,2.0,6.0,0.0,0.0,0.0,0.0,0.0,0.0,0.0,0.0,0.0,0.0,0.0,,,
2024,6,180,NWE,00-0039390,DialMa00,marcellas-dial-1,Marcellas Dial,False,DB,DB,D,South Carolina,23.0,2024.0,0,0,0,1.0,,1.0,17.0,0.0,0.0,0.0,0.0,0.0,0.0,0.0,0.0,0.0,0.0,0.0,6.0,,
2024,6,181,LAC,00-0039391,VidaKi00,kimani-vidal-1,Kimani Vidal,False,RB,RB,O,Troy,23.0,2024.0,0,0,0,2.0,,2.0,10.0,0.0,0.0,0.0,0.0,0.0,43.0,155.0,0.0,5.0,62.0,1.0,,,
2024,6,182,TEN,00-0039392,JackJh00,jhaquan-jackson-1,Jha'Quan Jackson,False,WR,WR,O,Tulane,24.0,2024.0,0,0,0,0.0,,0.0,12.0,0.0,0.0,0.0,0.0,0.0,1.0,-5.0,0.0,1.0,8.0,0.0,,,
2024,6,183,NYG,00-0039829,MuasDa00,darius-muasau-1,Darius Muasau,False,LB,LB,D,UCLA,23.0,2025.0,0,0,0,4.0,,4.0,16.0,0.0,0.0,0.0,0.0,0.0,0.0,0.0,0.0,0.0,0.0,0.0,27.0,1.0,
2024,6,184,MIA,00-0039880,WashMa00,malik-washington-1,Malik Washington,False,WR,WR,O,Virginia,23.0,2025.0,0,0,0,2.0,,2.0,15.0,0.0,0.0,0.0,0.0,0.0,6.0,34.0,1.0,28.0,243.0,0.0,,,
2024,6,185,PHI,00-0039236,WilsJo03,johnny-wilson-3,Johnny Wilson,False,WR,WR,O,Florida St.,23.0,2024.0,0,0,0,0.0,,0.0,16.0,0.0,0.0,0.0,0.0,0.0,0.0,0.0,0.0,5.0,38.0,1.0,,,
2024,6,186,ATL,00-0039393,McClJa05,jase-mcclellan-1,Jase McClellan,False,RB,RB,O,Alabama,22.0,2024.0,0,0,0,0.0,,0.0,2.0,0.0,0.0,0.0,0.0,0.0,13.0,32.0,0.0,0.0,0.0,0.0,,,
2024,6,187,ATL,00-0039394,WashCa01,casey-washington-1,Casey Washington,False,WR,WR,O,Illinois,23.0,2025.0,0,0,0,0.0,,0.0,9.0,0.0,0.0,0.0,0.0,0.0,0.0,0.0,0.0,4.0,47.0,0.0,,,
2024,6,188,HOU,00-0039395,HillJa02,jamal-hill-1,Jamal Hill,False,LB,LB,D,Oregon,23.0,2025.0,0,0,0,1.0,,1.0,9.0,0.0,0.0,0.0,0.0,0.0,0.0,0.0,0.0,0.0,0.0,0.0,2.0,,
2024,6,189,DET,00-0039396,WingMe00,mekhi-wingo-1,Mekhi Wingo,False,DT,DL,D,LSU,21.0,2024.0,0,0,0,1.0,,1.0,11.0,0.0,0.0,0.0,0.0,0.0,0.0,0.0,0.0,0.0,0.0,0.0,1.0,,
2024,6,190,PHI,,McMaDy00,dylan-mcmahon-1,Dylan McMahon,False,OL,OL,O,North Carolina St.,23.0,2024.0,0,0,0,0.0,,,1.0,0.0,0.0,0.0,0.0,0.0,0.0,0.0,0.0,0.0,0.0,0.0,,,
2024,6,191,ARI,00-0039397,PalmTe00,tejhaun-palmer-1,Tejhaun Palmer,False,WR,WR,O,Ala-Birmingham,24.0,,0,0,0,,,,,,,,,,,,,,,,,,
2024,6,192,SEA,00-0039800,JameDJ00,dj-james-1,D.J. James,False,CB,DB,D,Auburn,23.0,2025.0,0,0,0,0.0,,,1.0,0.0,0.0,0.0,0.0,0.0,0.0,0.0,0.0,0.0,0.0,0.0,1.0,,
2024,6,193,NWE,00-0039398,MiltJo00,joe-milton-2,Joe Milton,False,QB,QB,O,Tennessee,24.0,2024.0,0,0,0,1.0,,1.0,1.0,22.0,29.0,241.0,1.0,0.0,10.0,16.0,1.0,0.0,0.0,0.0,,,
2024,6,194,CIN,00-0039399,McLaTa00,tanner-mclachlan-2,Tanner McLachlan,False,TE,TE,O,Arizona,25.0,2024.0,0,0,0,0.0,,0.0,2.0,0.0,0.0,0.0,0.0,0.0,0.0,0.0,0.0,0.0,0.0,0.0,,,
2024,6,195,PIT,00-0039748,WattRy00,ryan-watts-1,Ryan Watts,False,SAF,DB,D,Texas,22.0,,0,0,0,,,,,,,,,,,,,,,,,,
2024,6,196,LAR,00-0039749,DaviTy05,tyler-davis-4,Tyler Davis,False,DT,DL,D,Clemson,23.0,2025.0,0,0,0,1.0,,1.0,17.0,0.0,0.0,0.0,0.0,0.0,0.0,0.0,0.0,0.0,0.0,0.0,13.0,,1.5
2024,6,197,ATL,00-0039400,LoguZi00,zion-logue-1,Zion Logue,False,DL,DL,D,Georgia,23.0,2024.0,0,0,0,0.0,,,2.0,0.0,0.0,0.0,0.0,0.0,0.0,0.0,0.0,0.0,0.0,0.0,2.0,,
2024,6,198,MIA,00-0039881,McMoPa00,patrick-mcmorris-1,Patrick McMorris,False,DB,DB,D,California,22.0,2024.0,0,0,0,0.0,,0.0,6.0,0.0,0.0,0.0,0.0,0.0,0.0,0.0,0.0,0.0,0.0,0.0,1.0,,
2024,6,199,NOR,00-0039401,BoydKh00,,Khristian Boyd,False,DL,DL,D,Northern Iowa,24.0,2024.0,0,0,0,0.0,,0.0,6.0,0.0,0.0,0.0,0.0,0.0,0.0,0.0,0.0,0.0,0.0,0.0,2.0,,
2024,6,200,CAR,00-0039402,CrumJa00,jaden-crumedy-1,Jaden Crumedy,False,DT,DL,D,Mississippi St.,24.0,2025.0,0,0,0,0.0,,0.0,6.0,0.0,0.0,0.0,0.0,0.0,0.0,0.0,0.0,0.0,0.0,0.0,4.0,,0.5
2024,6,201,IND,00-0039403,AbraMi00,micah-abraham-1,Micah Abraham,False,CB,DB,D,Marshall,23.0,,0,0,0,,,,,,,,,,,,,,,,,,
2024,6,202,GNB,,GlovTr00,travis-glover-1,Travis Glover,False,OT,OL,O,Georgia St.,24.0,2024.0,0,0,0,1.0,,1.0,7.0,0.0,0.0,0.0,0.0,0.0,0.0,0.0,0.0,0.0,0.0,0.0,,,
2024,6,203,MIN,00-0039404,ReicWi00,will-reichard-1,Will Reichard,False,K,K,S,Alabama,23.0,2025.0,0,0,0,2.0,,2.0,14.0,0.0,0.0,0.0,0.0,0.0,0.0,0.0,0.0,0.0,0.0,0.0,,,
2024,6,204,BUF,,GrabTy00,tylan-grable-1,Tylan Grable,False,OL,OL,O,Central Florida,24.0,2024.0,0,0,0,1.0,,1.0,4.0,0.0,0.0,0.0,0.0,0.0,0.0,0.0,0.0,0.0,0.0,0.0,,,
2024,6,205,HOU,00-0039405,JordJa00,jawhar-jordan-1,Jawhar Jordan,False,RB,RB,O,Louisville,25.0,,0,0,0,,,,,,,,,,,,,,,,,,
2024,6,206,CLE,00-0039406,WatsNa00,nathaniel-watson-1,Nathaniel Watson,False,LB,LB,D,Mississippi St.,24.0,2024.0,0,0,0,1.0,,1.0,14.0,0.0,0.0,0.0,0.0,0.0,0.0,0.0,0.0,0.0,0.0,0.0,10.0,,
2024,6,207,SEA,,JerrMi00,,Michael Jerrell,False,OT,OL,O,Findlay,25.0,2024.0,0,0,0,2.0,,2.0,10.0,0.0,0.0,0.0,0.0,0.0,0.0,0.0,0.0,0.0,0.0,0.0,,,
2024,6,208,LVR,00-0039407,LaubDy00,,Dylan Laube,False,RB,RB,O,New Hampshire,24.0,2025.0,0,0,0,0.0,,0.0,11.0,0.0,0.0,0.0,0.0,0.0,1.0,0.0,0.0,0.0,0.0,0.0,1.0,,
2024,6,209,LAR,00-0039750,KartJo00,joshua-karty-1,Joshua Karty,False,K,K,S,Stanford,22.0,2025.0,0,0,0,2.0,,2.0,18.0,0.0,0.0,0.0,0.0,0.0,0.0,0.0,0.0,0.0,0.0,0.0,,,
2024,6,210,DET,,MahoCh00,christian-mahogany-1,Christian Mahogany,False,OL,OL,O,Boston Col.,23.0,2025.0,0,0,0,1.0,,1.0,8.0,0.0,0.0,0.0,0.0,0.0,0.0,0.0,0.0,0.0,0.0,0.0,,,
2024,6,211,KAN,00-0039831,HaddKa00,kamal-hadden-1,Kamal Hadden,False,DB,DB,D,Tennessee,23.0,2025.0,0,0,0,0.0,,,3.0,0.0,0.0,0.0,0.0,0.0,0.0,0.0,0.0,0.0,0.0,0.0,,,
2024,6,212,JAX,00-0039409,LittCa00,cam-little-1,Cam Little,False,K,K,S,Arkansas,21.0,2025.0,0,0,0,5.0,,5.0,18.0,0.0,0.0,0.0,0.0,0.0,0.0,0.0,0.0,0.0,0.0,0.0,,,
2024,6,213,LAR,00-0039751,WhitJo04,jordan-whittington-2,Jordan Whittington,False,WR,WR,O,Texas,23.0,2025.0,0,0,0,3.0,,3.0,16.0,0.0,0.0,0.0,0.0,0.0,3.0,17.0,0.0,22.0,293.0,0.0,4.0,,
2024,6,214,CIN,00-0039752,JohnCe01,cedric-johnson-4,Cedric Johnson,False,DE,DL,D,Mississippi,22.0,2024.0,0,0,0,1.0,,1.0,9.0,0.0,0.0,0.0,0.0,0.0,0.0,0.0,0.0,0.0,0.0,0.0,5.0,,1.0
2024,6,215,SFO,,KingJa02,jarrett-kingston-1,Jarrett Kingston,False,OL,OL,O,USC,24.0,2024.0,0,0,0,0.0,,,7.0,0.0,0.0,0.0,0.0,0.0,0.0,0.0,0.0,0.0,0.0,0.0,,,
2024,6,216,DAL,00-0039410,FlouRy00,,Ryan Flournoy,False,WR,WR,O,SE Missouri St.,24.0,2025.0,0,0,0,1.0,,1.0,12.0,0.0,0.0,0.0,0.0,0.0,0.0,0.0,0.0,10.0,102.0,0.0,2.0,,
2024,6,217,LAR,,LimmBe00,beaux-limmer-1,Beaux Limmer,False,OL,OL,O,Arkansas,23.0,2025.0,0,0,1,7.0,,7.0,17.0,0.0,0.0,0.0,0.0,0.0,0.0,0.0,0.0,0.0,0.0,0.0,,,
2024,6,218,BAL,00-0039801,LearDe00,devin-leary-1,Devin Leary,False,QB,QB,O,Kentucky,24.0,,0,0,0,,,,,,,,,,,,,,,,,,
2024,6,219,BUF,00-0039883,HardDa02,daequan-hardy-1,Daequan Hardy,False,CB,DB,D,Penn St.,23.0,,0,0,0,,,,,,,,,,,,,,,,,,
2024,6,220,TAM,,KleiEl00,elijah-klein-1,Elijah Klein,False,OG,OG,,Texas-El Paso,24.0,2025.0,0,0,0,1.0,,1.0,17.0,0.0,0.0,0.0,0.0,0.0,0.0,0.0,0.0,0.0,0.0,0.0,,,
2024,7,221,BUF,,ClayTr00,,Travis Clayton,False,OT,OL,O,,23.0,,0,0,0,,,,,,,,,,,,,,,,,,
2024,7,222,WAS,00-0039412,JeanJa00,javontae-jean-baptiste-1,Javontae Jean-Baptiste,False,DL,DL,D,Notre Dame,24.0,2024.0,0,0,0,1.0,,1.0,12.0,0.0,0.0,0.0,0.0,0.0,0.0,0.0,0.0,0.0,0.0,0.0,6.0,,1.0
2024,7,223,LVR,00-0039413,TaylTr03,trey-taylor-1,Trey Taylor,False,FS,FS,,Air Force,23.0,2024.0,0,0,0,1.0,,1.0,9.0,0.0,0.0,0.0,0.0,0.0,0.0,0.0,0.0,0.0,0.0,0.0,,,
2024,7,224,CIN,00-0039414,AnthDa00,daijahn-anthony-1,Daijahn Anthony,False,SAF,DB,D,Mississippi,23.0,2024.0,0,0,0,1.0,,1.0,13.0,0.0,0.0,0.0,0.0,0.0,0.0,0.0,0.0,0.0,0.0,0.0,2.0,,
2024,7,225,LAC,00-0039415,RiceBr00,brenden-rice-1,Brenden Rice,False,WR,WR,O,USC,22.0,2024.0,0,0,0,0.0,,0.0,3.0,0.0,0.0,0.0,0.0,0.0,0.0,0.0,0.0,0.0,0.0,0.0,,,
2024,7,226,ARI,00-0039416,DaviJa09,jaden-davis-1,Jaden Davis,False,DB,DB,D,Miami (FL),23.0,,0,0,0,,,,,,,,,,,,,,,,,,
2024,7,227,CLE,00-0039417,HardMy00,,Myles Harden,False,DB,DB,D,South Dakota,22.0,2025.0,0,0,0,0.0,,0.0,5.0,0.0,0.0,0.0,0.0,0.0,0.0,0.0,0.0,0.0,0.0,0.0,6.0,,
2024,7,228,BAL,,SamaNi00,nick-samac-1,Nick Samac,False,C,OL,O,Michigan St.,23.0,,0,0,0,,,,,,,,,,,,,,,,,,
2024,7,229,LVR,00-0039418,DevoMJ00,marlin-devonshire-1,M.J. Devonshire,False,DB,DB,D,Pittsburgh,23.0,,0,0,0,,,,,,,,,,,,,,,,,,
2024,7,230,MIN,,JurgMi02,michael-jurgens-1,Michael Jurgens,False,OL,OL,O,Wake Forest,24.0,2024.0,0,0,0,0.0,,0.0,3.0,0.0,0.0,0.0,0.0,0.0,0.0,0.0,0.0,0.0,0.0,0.0,,,
2024,7,231,NWE,00-0039420,BellJa00,jaheim-bell-1,Jaheim Bell,False,TE,TE,O,Florida St.,23.0,2024.0,0,0,0,0.0,,0.0,15.0,0.0,0.0,0.0,0.0,0.0,0.0,0.0,0.0,2.0,20.0,0.0,1.0,,
2024,7,232,MIN,,RodrLe00,,Levi Drake Rodriguez,False,DT,DL,D,Texas A&M-Commerce,24.0,2025.0,0,0,0,0.0,,0.0,3.0,0.0,0.0,0.0,0.0,0.0,0.0,0.0,0.0,0.0,0.0,0.0,2.0,,
2024,7,233,DAL,,ThomNa01,nathan-thomas-1,Nathan Thomas,False,OL,OL,O,Louisiana,23.0,2025.0,0,0,0,0.0,,0.0,1.0,0.0,0.0,0.0,0.0,0.0,0.0,0.0,0.0,0.0,0.0,0.0,,,
2024,7,234,IND,00-0039423,LaulJo00,jonah-laulu-2,Jonah Laulu,False,DL,DL,D,Oklahoma,24.0,2025.0,0,0,0,4.0,,,18.0,0.0,0.0,0.0,0.0,0.0,0.0,0.0,0.0,0.0,0.0,0.0,17.0,,2.0
2024,7,235,DEN,00-0039424,VeleDe00,devaughn-vele-1,Devaughn Vele,False,WR,WR,O,Utah,26.0,2025.0,0,0,0,4.0,,4.0,14.0,0.0,0.0,0.0,0.0,0.0,0.0,0.0,0.0,42.0,488.0,3.0,,,
2024,7,236,JAX,00-0039425,ColeMy00,myles-cole-1,Myles Cole,False,OLB,LB,D,Texas Tech,24.0,2024.0,0,0,0,0.0,,0.0,8.0,0.0,0.0,0.0,0.0,0.0,0.0,0.0,0.0,0.0,0.0,0.0,4.0,,
2024,7,237,CIN,,LeexMa02,matthew-lee-1,Matt Lee,False,C,OL,O,Miami (FL),23.0,2024.0,0,0,0,2.0,,2.0,17.0,0.0,0.0,0.0,0.0,0.0,0.0,0.0,0.0,0.0,0.0,0.0,,,
2024,7,238,HOU,00-0039427,ByrdSo00,solomon-byrd-1,Solomon Byrd,False,DE,DL,D,USC,24.0,2024.0,0,0,0,0.0,,0.0,1.0,0.0,0.0,0.0,0.0,0.0,0.0,0.0,0.0,0.0,0.0,0.0,2.0,,
2024,7,239,NOR,,EzirJo00,,Josiah Ezirim,False,OT,OL,O,Eastern Kentucky,23.0,,0,0,0,,,,,,,,,,,,,,,,,,
2024,7,240,CAR,00-0039429,BarrMi00,michael-barrett-1,Michael Barrett,False,LB,LB,D,Michigan,24.0,,0,0,0,,,,,,,,,,,,,,,,,,
2024,7,241,MIA,00-0039884,WashTa00,tahj-washington-1,Tahj Washington,False,WR,WR,O,USC,23.0,,0,0,0,,,,,,,,,,,,,,,,,,
2024,7,242,TEN,00-0039430,WillJa15,james-williams-16,James Williams,False,SAF,DB,D,Miami (FL),21.0,2025.0,0,0,0,2.0,,2.0,14.0,0.0,0.0,0.0,0.0,0.0,0.0,0.0,0.0,0.0,0.0,0.0,17.0,,
2024,7,243,CLE,00-0039431,BrigJo00,jowon-briggs-1,Jowon Briggs,False,DE,DL,D,Cincinnati,23.0,2025.0,0,0,0,1.0,,1.0,7.0,0.0,0.0,0.0,0.0,0.0,0.0,0.0,0.0,0.0,0.0,0.0,3.0,,
2024,7,244,DAL,00-0039432,RogeJu01,justin-rogers-4,Justin Rogers,False,DL,DL,D,Auburn,22.0,,0,0,0,,,,,,,,,,,,,,,,,,
2024,7,245,GNB,00-0039238,PratMi00,michael-pratt-1,Michael Pratt,False,QB,QB,O,Tulane,22.0,,0,0,0,,,,,,,,,,,,,,,,,,
2024,7,246,TAM,00-0039754,CulpDe00,devin-culp-1,Devin Culp,False,TE,TE,O,Washington,24.0,2024.0,0,0,0,1.0,,1.0,5.0,0.0,0.0,0.0,0.0,0.0,0.0,0.0,0.0,5.0,88.0,0.0,,,
2024,7,247,HOU,00-0039433,HarrMa08,marcus-harris-5,Marcus Harris,False,DL,DL,D,Auburn,23.0,,0,0,0,,,,,,,,,,,,,,,,,,
2024,7,248,KAN,,HansCJ00,,C.J. Hanson,False,OG,OG,,Holy Cross,23.0,2024.0,0,0,0,0.0,,0.0,1.0,0.0,0.0,0.0,0.0,0.0,0.0,0.0,0.0,0.0,0.0,0.0,,,
2024,7,249,HOU,,HendLa00,ladarius-henderson-1,LaDarius Henderson,False,OL,OL,O,Michigan,22.0,,0,0,0,,,,,,,,,,,,,,,,,,
2024,7,250,BAL,00-0039235,KaneSa00,sanoussi-kane-1,Sanoussi Kane,False,SAF,DB,D,Purdue,22.0,2025.0,0,0,0,1.0,,1.0,16.0,0.0,0.0,0.0,0.0,0.0,0.0,0.0,0.0,0.0,0.0,0.0,5.0,,
2024,7,251,SFO,00-0039435,BethTa00,tatum-bethune-1,Tatum Bethune,False,LB,LB,D,Florida St.,23.0,2025.0,0,0,0,1.0,,1.0,12.0,0.0,0.0,0.0,0.0,0.0,0.0,0.0,0.0,0.0,0.0,0.0,2.0,,
2024,7,252,TEN,00-0039436,HarrJa05,jaylen-harrell-1,Jaylen Harrell,False,DE,DL,D,Michigan,22.0,2025.0,0,0,0,1.0,,1.0,18.0,0.0,0.0,0.0,0.0,0.0,0.0,0.0,0.0,0.0,0.0,0.0,10.0,,
2024,7,253,LAC,00-0039437,JohnCo02,cornelius-johnson-1,Cornelius Johnson,False,WR,WR,O,Michigan,23.0,,0,0,0,,,,,,,,,,,,,,,,,,
2024,7,254,LAR,,LeveKT00,kaitori-leveston-1,KT Leveston,False,OL,OL,O,Kansas St.,24.0,,0,0,0,,,,,,,,,,,,,,,,,,
2024,7,255,GNB,00-0039239,KingKa00,kalen-king-1,Kalen King,False,CB,DB,D,Penn St.,21.0,,0,0,0,,,,,,,,,,,,,,,,,,
2024,7,256,DEN,,GargNi00,nick-gargiulo-1,Nick Gargiulo,False,OL,OL,O,South Carolina,24.0,,0,0,0,,,,,,,,,,,,,,,,,,
2024,7,257,NYJ,00-0039802,KeyxJa00,jaylen-key-1,Jaylen Key,False,SAF,DB,D,Alabama,24.0,,0,0,0,,,,,,,,,,,,,,,,,,
